DeliveryTime,SortingTime
15.6,5.697727231546073
23.6,9.007676255946691
10.6,3.629009091295689
