YearsExperience,Salary
10,120291.82341321945
12,139191.7480561296
16,176991.59734194988
